S1143417	S1143440	dependency	2
S1143417	S1143418	dependency	2
S1143417	S1143695	dependency	2
S1143418	S1143697	dependency	2
S1143695	S1143696	dependency	2
S1143696	S114341B	dependency	2
S1143697	S1143418	relates_to	1
S1143418	S1143697	relates_to	1
S1143697	S114343C	dependency	2
S114341B	S114341C	relates_to	1
S114341C	S114341B	relates_to	1
S114341C	S1143697	relates_to	1
S1143697	S114341C	relates_to	1
S114341C	S114341D	dependency	2
S114341C	S1143426	dependency	2
S114341D	S1143442	dependency	2
S1143427	S1143429	dependency	2
S1143427	S114342A	dependency	2
S1143428	S1143429	dependency	2
S1143428	S114342A	dependency	2
S1143428	S114342C	dependency	2
S1143428	S114344A	dependency	2
S1143429	S1143428	dependency	2
S114342A	S1143428	dependency	2
S1143429	S114344A	dependency	2
S114342A	S114344A	dependency	2
S114342C	S114344B	dependency	2
S1143424	S1143425	dependency	2
S1143425	S1143426	dependency	2
S1143425	S1143446	dependency	2
S1143426	S1143449	dependency	2
S1143423	S2373200	dependency	2
S1143423	S2373201	dependency	2
S1143423	S2373202	dependency	2
S114341E	S114341F	dependency	2
S114341F	S1143420	dependency	2
S114341F	S1143438	dependency	2
S114341F	S114343A	dependency	2
S114341F	S114343B	dependency	2
S114341F	S114343D	dependency	2
S1143420	S1143423	dependency	2
S1143420	S1143421	dependency	2
S1143420	S1143422	dependency	2
S1143420	S114343D	dependency	2
S1143421	S114343D	dependency	2
S1143422	S114343D	dependency	2
S114344A	S114346A	dependency	2
S114344B	S114344C	dependency	2
S114344B	S114369A	dependency	2
S114344B	S114369B	dependency	2
S114344B	S11434B5	dependency	2
S114344C	S114346C	dependency	2
S1143446	S1143447	dependency	2
S1143447	S1143460	dependency	2
S1143448	S1143466	dependency	2
S1143449	S1143469	dependency	2
S1143440	S2373200	dependency	2
S1143440	S2373201	dependency	2
S1143440	S2373202	dependency	2
S2373200	S1143442	dependency	2
S2373201	S1143442	dependency	2
S2373202	S1143442	dependency	2
S2373200	S1143443	dependency	2
S2373201	S1143443	dependency	2
S2373202	S1143443	dependency	2
S2373200	S1143444	dependency	2
S2373200	S1143445	dependency	2
S2373201	S1143444	dependency	2
S2373201	S1143445	dependency	2
S2373202	S1143444	dependency	2
S2373202	S1143445	dependency	2
S2373200	S2373203	dependency	2
S2373200	S2373204	dependency	2
S2373201	S2373203	dependency	2
S2373201	S2373204	dependency	2
S2373202	S2373203	dependency	2
S2373202	S2373204	dependency	2
S1143443	S114345B	dependency	2
S1143443	S1143453	dependency	2
S1143444	S114345B	dependency	2
S1143445	S114345B	dependency	2
S1143444	S1143453	dependency	2
S1143445	S1143453	dependency	2
S1143438	S1143449	dependency	2
S1143438	S1143439	dependency	2
S1143438	S114343F	relates_to	1
S114343F	S1143438	relates_to	1
S1143438	S1143453	dependency	2
S1143439	S1143449	dependency	2
S114343A	S114343B	relates_to	1
S114343B	S114343A	relates_to	1
S114343A	S114343D	dependency	2
S114343A	S114345F	dependency	2
S114343A	S114368B	dependency	2
S114343A	S114368C	dependency	2
S114343A	S114368D	dependency	2
S114343A	S11434DB	dependency	2
S114343A	S11434DC	dependency	2
S114343B	S114343D	dependency	2
S114343B	S114345F	dependency	2
S114343B	S114368B	dependency	2
S114343B	S114368C	dependency	2
S114343B	S114368D	dependency	2
S114343C	S114343D	dependency	2
S114343D	S1143438	relates_to	1
S1143438	S114343D	relates_to	1
S114343D	S1143454	dependency	2
S114343D	S1143443	dependency	2
S114343E	S114343F	dependency	2
S114343E	S1143455	dependency	2
S114343E	S1143456	dependency	2
S114343F	S11434B2	dependency	2
S114343F	S114368E	dependency	2
S114346A	S114348E	dependency	2
S114346B	S114346C	dependency	2
S114346B	S114348B	dependency	2
S114346C	S1143483	dependency	2
S1143460	S1143461	dependency	2
S1143460	S1143462	dependency	2
S1143460	S1143487	relates_to	1
S1143487	S1143460	relates_to	1
S1143460	S114369A	dependency	2
S1143460	S114369B	dependency	2
S1143461	S1143483	dependency	2
S1143462	S1143461	dependency	2
S1143462	S1143463	dependency	2
S1143463	S1143464	dependency	2
S1143464	S1143465	relates_to	1
S1143465	S1143464	relates_to	1
S1143464	S1143453	relates_to	1
S1143453	S1143464	relates_to	1
S1143465	S1143468	relates_to	1
S1143468	S1143465	relates_to	1
S1143465	S114368F	dependency	2
S1143465	S1143690	dependency	2
S2373203	S1143459	dependency	2
S2373204	S1143459	dependency	2
S2373203	S114345A	dependency	2
S2373204	S114345A	dependency	2
S2373203	S114345C	dependency	2
S2373204	S114345C	dependency	2
S2373203	S114345D	dependency	2
S2373204	S114345D	dependency	2
S2373203	S114345E	dependency	2
S2373204	S114345E	dependency	2
S2373203	S1143480	dependency	2
S2373204	S1143480	dependency	2
S2373203	S1143482	dependency	2
S2373204	S1143482	dependency	2
S2373203	S114349F	dependency	2
S2373204	S114349F	dependency	2
S1143458	S2373203	dependency	2
S1143458	S2373204	dependency	2
S1143458	S1143455	relates_to	1
S1143455	S1143458	relates_to	1
S114345B	S1143453	relates_to	1
S1143453	S114345B	relates_to	1
S114345D	S114345E	relates_to	1
S114345E	S114345D	relates_to	1
S114345D	S114345F	relates_to	1
S114345F	S114345D	relates_to	1
S114345D	S114345C	dependency	2
S114345D	S1143481	dependency	2
S114345E	S114345F	relates_to	1
S114345F	S114345E	relates_to	1
S114345E	S1143481	dependency	2
S1143453	S1143469	relates_to	1
S1143469	S1143453	relates_to	1
S1143453	S1143467	relates_to	1
S1143467	S1143453	relates_to	1
S1143453	S114347E	dependency	2
S1143453	S114368B	dependency	2
S1143453	S114368C	dependency	2
S1143453	S114368D	dependency	2
S1143454	S114345B	dependency	2
S1143455	S1143477	dependency	2
S1143455	S114347F	dependency	2
S1143456	S1143477	dependency	2
S114348E	S11434B3	dependency	2
S114348E	S1143503	dependency	2
S1143487	S114347E	relates_to	1
S114347E	S1143487	relates_to	1
S1143487	S11434AC	dependency	2
S1143487	S1143483	relates_to	1
S1143483	S1143487	relates_to	1
S1143489	S11434AF	dependency	2
S114369A	S114348B	dependency	2
S114369B	S114348B	dependency	2
S114369A	S114369F	dependency	2
S114369B	S114369F	dependency	2
S114369A	S114348D	dependency	2
S114369B	S114348D	dependency	2
S114369A	S11436A0	dependency	2
S114369A	S11436A1	dependency	2
S114369B	S11436A0	dependency	2
S114369B	S11436A1	dependency	2
S114348B	S114369C	dependency	2
S114369C	S114369D	dependency	2
S114369C	S114369E	dependency	2
S114369D	S114369E	dependency	2
S114369D	S11434AE	dependency	2
S114369D	S1143683	dependency	2
S114369E	S114369F	dependency	2
S114348D	S11434AE	dependency	2
S1143480	S11434A1	dependency	2
S1143481	S11434A2	dependency	2
S1143481	S11434A3	dependency	2
S1143481	S11434A4	dependency	2
S1143482	S11434A3	dependency	2
S1143483	S114348F	dependency	2
S1143483	S114368F	relates_to	1
S1143483	S1143690	relates_to	1
S114368F	S1143483	relates_to	1
S1143690	S1143483	relates_to	1
S1143483	S1143691	dependency	2
S1143483	S1143692	dependency	2
S1143483	S1143693	dependency	2
S1143483	S1143694	dependency	2
S1143483	S114368B	dependency	2
S1143483	S114368C	dependency	2
S1143483	S114368D	dependency	2
S1143483	S1143688	dependency	2
S1143483	S1143685	dependency	2
S1143483	S1143686	dependency	2
S1143483	S1143687	dependency	2
S114368F	S1143489	relates_to	1
S1143690	S1143489	relates_to	1
S1143489	S114368F	relates_to	1
S1143489	S1143690	relates_to	1
S114368F	S1143691	dependency	2
S114368F	S1143692	dependency	2
S114368F	S1143693	dependency	2
S114368F	S1143694	dependency	2
S1143690	S1143691	dependency	2
S1143690	S1143692	dependency	2
S1143690	S1143693	dependency	2
S1143690	S1143694	dependency	2
S114368F	S114368B	dependency	2
S114368F	S114368C	dependency	2
S114368F	S114368D	dependency	2
S1143690	S114368B	dependency	2
S1143690	S114368C	dependency	2
S1143690	S114368D	dependency	2
S114368F	S1143501	dependency	2
S1143690	S1143501	dependency	2
S114368F	S1143502	dependency	2
S1143690	S1143502	dependency	2
S114368F	S1143674	dependency	2
S1143690	S1143674	dependency	2
S1143691	S11434A5	dependency	2
S1143692	S11434A5	dependency	2
S1143693	S11434A5	dependency	2
S1143694	S11434A5	dependency	2
S1143477	S1143478	dependency	2
S1143477	S1143479	dependency	2
S1143477	S114347B	dependency	2
S1143477	S114347C	relates_to	1
S114347C	S1143477	relates_to	1
S1143477	S1143688	dependency	2
S1143477	S114349A	dependency	2
S1143477	S11434F7	dependency	2
S1143478	S11434F7	dependency	2
S1143477	S2373210	dependency	2
S1143477	S2373211	dependency	2
S1143478	S2373210	dependency	2
S1143478	S2373211	dependency	2
S1143477	S11434FA	dependency	2
S1143478	S11434FA	dependency	2
S1143477	S11434EC	dependency	2
S1143478	S11434EC	dependency	2
S1143478	S1143479	dependency	2
S1143478	S114347B	dependency	2
S1143478	S114347C	relates_to	1
S114347C	S1143478	relates_to	1
S1143479	S114347A	relates_to	1
S114347A	S1143479	relates_to	1
S1143479	S114347E	dependency	2
S1143479	S114368A	dependency	2
S1143479	S114349A	dependency	2
S1143479	S114349B	dependency	2
S1143479	S114347C	relates_to	1
S114347C	S1143479	relates_to	1
S114347A	S114347D	relates_to	1
S114347D	S114347A	relates_to	1
S114347A	S11434AE	dependency	2
S114347B	S114369E	relates_to	1
S114369E	S114347B	relates_to	1
S114347B	S1143482	dependency	2
S114347B	S114347D	dependency	2
S114347B	S114347F	dependency	2
S114347B	S11434A3	dependency	2
S114347B	S11434A4	dependency	2
S114347B	S11436A2	dependency	2
S114347B	S11434DB	dependency	2
S114347B	S11434DC	dependency	2
S114347C	S114347D	dependency	2
S114347C	S11434F7	dependency	2
S114347C	S1143685	dependency	2
S114347C	S1143686	dependency	2
S114347C	S1143687	dependency	2
S114347C	S11434D1	dependency	2
S114347D	S114347E	relates_to	1
S114347E	S114347D	relates_to	1
S114347D	S11434AC	dependency	2
S114347D	S11434A3	dependency	2
S114347D	S11434A4	dependency	2
S114347D	S114349D	dependency	2
S114347E	S1143488	relates_to	1
S1143488	S114347E	relates_to	1
S114347E	S114369F	relates_to	1
S114369F	S114347E	relates_to	1
S114347E	S114348D	relates_to	1
S114348D	S114347E	relates_to	1
S114347E	S114349C	dependency	2
S114347F	S114349E	dependency	2
S11434B3	S11434B4	dependency	2
S11434B3	S2373205	relates_to	1
S11434B3	S2373206	relates_to	1
S2373205	S11434B3	relates_to	1
S2373206	S11434B3	relates_to	1
S11434B4	S1143503	dependency	2
S11434AC	S11434AD	dependency	2
S11434AC	S11434FC	dependency	2
S11434AC	S11434CE	dependency	2
S11434AD	S114368E	relates_to	1
S114368E	S11434AD	relates_to	1
S11434AD	S11434FC	dependency	2
S11434AD	S11434F7	dependency	2
S11434AD	S2373210	dependency	2
S11434AD	S2373211	dependency	2
S11434AD	S11434FA	dependency	2
S11434AE	S11436A2	dependency	2
S11434AE	S11434E2	dependency	2
S11434AF	S114368E	relates_to	1
S114368E	S11434AF	relates_to	1
S11434AF	S11434FD	dependency	2
S2373205	S11434B4	relates_to	1
S2373206	S11434B4	relates_to	1
S11434B4	S2373205	relates_to	1
S11434B4	S2373206	relates_to	1
S2373205	S11434B1	dependency	2
S2373206	S11434B1	dependency	2
S2373205	S11434B2	dependency	2
S2373206	S11434B2	dependency	2
S11434B2	S114351C	dependency	2
S114349F	S11434A0	dependency	2
S114349F	S11434A1	dependency	2
S114349F	S11434A2	dependency	2
S114349F	S11434A3	dependency	2
S114349F	S11434A4	dependency	2
S114349F	S11434EE	dependency	2
S11434A0	S11434A1	dependency	2
S11434A0	S1143698	dependency	2
S11434A0	S1143699	dependency	2
S11434A1	S114349C	dependency	2
S11434A1	S11434F1	dependency	2
S11434A2	S11434F2	dependency	2
S11434A2	S11434F3	dependency	2
S11434A2	S11434F4	dependency	2
S11434A3	S11434A4	dependency	2
S11434A3	S11434F2	dependency	2
S11434A4	S114349C	dependency	2
S11434A4	S11434F3	dependency	2
S11434A5	S11434A6	dependency	2
S11434A5	S114368D	dependency	2
S11434A5	S11434A9	dependency	2
S11434A5	S11434F5	dependency	2
S11434A5	S2373210	dependency	2
S11434A5	S2373211	dependency	2
S11434A6	S11434AB	dependency	2
S11434A6	S11434F6	dependency	2
S114368B	S11434AD	dependency	2
S114368C	S11434AD	dependency	2
S114368D	S11434AD	dependency	2
S114368B	S114368E	dependency	2
S114368C	S114368E	dependency	2
S114368D	S114368E	dependency	2
S114368B	S11434A9	dependency	2
S114368C	S11434A9	dependency	2
S114368D	S11434A9	dependency	2
S114368B	S11434F5	dependency	2
S114368C	S11434F5	dependency	2
S114368D	S11434F5	dependency	2
S114368E	S11434F5	dependency	2
S1143688	S1143683	dependency	2
S1143689	S1143683	dependency	2
S114368A	S1143683	dependency	2
S1143688	S1143685	dependency	2
S1143688	S1143686	dependency	2
S1143688	S1143687	dependency	2
S1143689	S1143685	dependency	2
S1143689	S1143686	dependency	2
S1143689	S1143687	dependency	2
S114368A	S1143685	dependency	2
S114368A	S1143686	dependency	2
S114368A	S1143687	dependency	2
S1143688	S1143689	dependency	2
S1143688	S114368A	relates_to	1
S114368A	S1143688	relates_to	1
S1143689	S114368A	relates_to	1
S114368A	S1143689	relates_to	1
S114368A	S11434AD	dependency	2
S11434A9	S11434AD	dependency	2
S11434A9	S11434EE	dependency	2
S11434AA	S11434AD	dependency	2
S11434AA	S11434AB	dependency	2
S11434AA	S11434EE	dependency	2
S11434AB	S11434EE	dependency	2
S11434AB	S1143698	dependency	2
S11434AB	S1143699	dependency	2
S114349B	S11434AC	relates_to	1
S11434AC	S114349B	relates_to	1
S114349B	S11434A5	dependency	2
S114349B	S1143688	dependency	2
S114349B	S11434CE	dependency	2
S114349B	S11434CF	dependency	2
S114349B	S114352F	dependency	2
S114349C	S11434AD	relates_to	1
S11434AD	S114349C	relates_to	1
S114349C	S1143513	dependency	2
S114349D	S11434D9	dependency	2
S114349D	S11434D4	dependency	2
S114349E	S11434ED	dependency	2
S1143501	S1143502	relates_to	1
S1143502	S1143501	relates_to	1
S1143501	S1143675	dependency	2
S1143501	S1143676	dependency	2
S1143502	S11434E4	dependency	2
S1143502	S11434D8	dependency	2
S1143502	S114367F	dependency	2
S1143503	S1143504	dependency	2
S11434FD	S11434E6	dependency	2
S11434FD	S11434E7	dependency	2
S11434FD	S11434E9	dependency	2
S11436A0	S11434FF	dependency	2
S11436A1	S11434FF	dependency	2
S11436A0	S11436A2	dependency	2
S11436A1	S11436A2	dependency	2
S11436A0	S11436A4	dependency	2
S11436A1	S11436A4	dependency	2
S11434FF	S11436A2	dependency	2
S11436A2	S11436A3	dependency	2
S11436A2	S11434E3	dependency	2
S11436A3	S11436A4	dependency	2
S11436A3	S11434E3	dependency	2
S11434EE	S11434EF	dependency	2
S11434EE	S1143698	dependency	2
S11434EE	S1143699	dependency	2
S11434EE	S11434F1	dependency	2
S11434EE	S11434F2	dependency	2
S11434EE	S11434F3	dependency	2
S11434EE	S11434F4	dependency	2
S11434EF	S11434F2	relates_to	1
S11434F2	S11434EF	relates_to	1
S11434EF	S11434F4	relates_to	1
S11434F4	S11434EF	relates_to	1
S11434EF	S11434D9	dependency	2
S11434EF	S114352F	dependency	2
S1143698	S11434F1	dependency	2
S1143699	S11434F1	dependency	2
S11434F2	S11434F3	dependency	2
S11434F2	S11434F4	relates_to	1
S11434F4	S11434F2	relates_to	1
S11434F2	S11434D3	dependency	2
S11434F3	S11434F4	relates_to	1
S11434F4	S11434F3	relates_to	1
S11434F3	S11434D2	dependency	2
S11434F3	S11434D3	dependency	2
S11434F4	S11434FC	dependency	2
S11434F4	S11434D3	dependency	2
S11434F5	S11434F4	dependency	2
S11434F5	S11434F6	dependency	2
S11434F5	S11434DF	dependency	2
S11434F5	S1143673	dependency	2
S11434F6	S11434FD	dependency	2
S11434F7	S1143683	relates_to	1
S1143683	S11434F7	relates_to	1
S11434F7	S2373210	relates_to	1
S11434F7	S2373211	relates_to	1
S2373210	S11434F7	relates_to	1
S2373211	S11434F7	relates_to	1
S11434F7	S11434CF	dependency	2
S11434F7	S114366F	dependency	2
S1143683	S11434F4	dependency	2
S1143684	S11434F4	dependency	2
S1143683	S2373210	dependency	2
S1143683	S2373211	dependency	2
S1143684	S2373210	dependency	2
S1143684	S2373211	dependency	2
S1143683	S1143685	relates_to	1
S1143683	S1143686	relates_to	1
S1143683	S1143687	relates_to	1
S1143684	S1143685	relates_to	1
S1143684	S1143686	relates_to	1
S1143684	S1143687	relates_to	1
S1143685	S1143683	relates_to	1
S1143685	S1143684	relates_to	1
S1143686	S1143683	relates_to	1
S1143686	S1143684	relates_to	1
S1143687	S1143683	relates_to	1
S1143687	S1143684	relates_to	1
S1143683	S11434DF	dependency	2
S1143684	S11434DF	dependency	2
S1143683	S11434E2	dependency	2
S1143684	S11434E2	dependency	2
S1143683	S114366E	dependency	2
S1143684	S114366E	dependency	2
S1143683	S1143520	dependency	2
S1143684	S1143520	dependency	2
S1143683	S1143684	dependency	2
S1143683	S11434FA	relates_to	1
S11434FA	S1143683	relates_to	1
S2373210	S11434EC	relates_to	1
S2373211	S11434EC	relates_to	1
S11434EC	S2373210	relates_to	1
S11434EC	S2373211	relates_to	1
S2373210	S11434CE	dependency	2
S2373211	S11434CE	dependency	2
S11434FA	S11434FD	dependency	2
S11434FA	S1143685	relates_to	1
S11434FA	S1143686	relates_to	1
S11434FA	S1143687	relates_to	1
S1143685	S11434FA	relates_to	1
S1143686	S11434FA	relates_to	1
S1143687	S11434FA	relates_to	1
S11434FA	S1143684	relates_to	1
S1143684	S11434FA	relates_to	1
S11434FA	S2373210	relates_to	1
S11434FA	S2373211	relates_to	1
S2373210	S11434FA	relates_to	1
S2373211	S11434FA	relates_to	1
S1143685	S11434F4	dependency	2
S1143686	S11434F4	dependency	2
S1143687	S11434F4	dependency	2
S1143685	S11434D1	dependency	2
S1143686	S11434D1	dependency	2
S1143687	S11434D1	dependency	2
S1143685	S11434CF	dependency	2
S1143686	S11434CF	dependency	2
S1143687	S11434CF	dependency	2
S1143687	S11434FD	dependency	2
S11434EB	S11434EC	dependency	2
S11434EC	S1143669	dependency	2
S11434EC	S114366A	dependency	2
S11434EC	S114366B	dependency	2
S11434EC	S11434DB	dependency	2
S11434EC	S11434DC	dependency	2
S11434EC	S11434D4	dependency	2
S11434ED	S1143669	dependency	2
S11434ED	S114366A	dependency	2
S11434ED	S114366B	dependency	2
S11434ED	S11434E1	dependency	2
S11434ED	S11434CE	dependency	2
S11434D9	S1143669	dependency	2
S11434D9	S114366A	dependency	2
S11434D9	S114366B	dependency	2
S11434D9	S114352D	dependency	2
S1143669	S11434DB	dependency	2
S1143669	S11434DC	dependency	2
S114366A	S11434DB	dependency	2
S114366A	S11434DC	dependency	2
S114366B	S11434DB	dependency	2
S114366B	S11434DC	dependency	2
S1143669	S11434DD	dependency	2
S114366A	S11434DD	dependency	2
S114366B	S11434DD	dependency	2
S1143669	S11434DE	dependency	2
S114366A	S11434DE	dependency	2
S114366B	S11434DE	dependency	2
S11434DB	S1143514	dependency	2
S11434DC	S1143514	dependency	2
S11434DD	S11434DF	relates_to	1
S11434DF	S11434DD	relates_to	1
S11434DD	S11434E0	relates_to	1
S11434E0	S11434DD	relates_to	1
S11434DD	S114352E	dependency	2
S11434DD	S1143664	dependency	2
S11434DD	S1143665	dependency	2
S11434DD	S1143666	dependency	2
S11434DE	S11434DF	relates_to	1
S11434DF	S11434DE	relates_to	1
S11434DE	S1143667	dependency	2
S11434DE	S1143668	dependency	2
S11434DF	S1143667	dependency	2
S11434DF	S11434E1	relates_to	1
S11434E1	S11434DF	relates_to	1
S11434DF	S1143680	relates_to	1
S1143680	S11434DF	relates_to	1
S11434E0	S1143668	dependency	2
S11434E1	S1143680	relates_to	1
S1143680	S11434E1	relates_to	1
S11434E2	S11434E5	dependency	2
S11434E2	S1143518	dependency	2
S11434E2	S114351B	dependency	2
S11434E2	S114351D	dependency	2
S11434E3	S114351D	dependency	2
S11434E4	S114353F	dependency	2
S11434E4	S1143546	dependency	2
S11434E5	S114351D	dependency	2
S11434D1	S11434DF	dependency	2
S11434D1	S114366E	dependency	2
S11434D1	S1143520	dependency	2
S11434D2	S11434D3	dependency	2
S11434D3	S1143513	dependency	2
S11434D4	S11434DB	dependency	2
S11434D4	S11434DC	dependency	2
S11434D5	S1143674	dependency	2
S11434D5	S1143670	dependency	2
S1143674	S11434E0	dependency	2
S1143674	S1143675	dependency	2
S1143674	S1143676	dependency	2
S1143674	S1143679	dependency	2
S1143674	S1143670	dependency	2
S1143674	S1143671	dependency	2
S1143675	S1143676	relates_to	1
S1143676	S1143675	relates_to	1
S1143675	S11434D8	dependency	2
S1143676	S11434E0	dependency	2
S1143676	S1143677	dependency	2
S1143676	S1143678	dependency	2
S1143677	S11434E0	dependency	2
S1143677	S114367A	dependency	2
S1143678	S11434E0	dependency	2
S1143678	S1143677	relates_to	1
S1143677	S1143678	relates_to	1
S1143678	S114367A	dependency	2
S1143679	S114367A	dependency	2
S1143679	S1143671	dependency	2
S1143679	S1143672	dependency	2
S11434D8	S11434E4	relates_to	1
S11434E4	S11434D8	relates_to	1
S11434D8	S1143549	dependency	2
S11434CE	S11434CF	dependency	2
S11434CE	S114367F	dependency	2
S11434CF	S1143680	dependency	2
S11434CF	S1143681	dependency	2
S11434CF	S1143682	dependency	2
S11434CF	S114350E	dependency	2
S11434CF	S114367B	dependency	2
S11434CF	S114367C	dependency	2
S11434CF	S114367D	dependency	2
S11434CF	S114367E	dependency	2
S114367F	S114367B	dependency	2
S114367F	S114367C	dependency	2
S114367F	S114367D	dependency	2
S114367F	S114367E	dependency	2
S1143680	S114367B	dependency	2
S1143680	S114367C	dependency	2
S1143680	S114367D	dependency	2
S1143680	S114367E	dependency	2
S1143681	S114367B	dependency	2
S1143681	S114367C	dependency	2
S1143681	S114367D	dependency	2
S1143681	S114367E	dependency	2
S1143682	S114367B	dependency	2
S1143682	S114367C	dependency	2
S1143682	S114367D	dependency	2
S1143682	S114367E	dependency	2
S114367F	S1143510	dependency	2
S1143680	S1143510	dependency	2
S1143681	S1143510	dependency	2
S1143682	S1143510	dependency	2
S114367F	S11434E1	relates_to	1
S11434E1	S114367F	relates_to	1
S114367F	S1143680	dependency	2
S1143681	S11434DF	relates_to	1
S11434DF	S1143681	relates_to	1
S11434E6	S11434E8	dependency	2
S11434E6	S114351E	dependency	2
S11434E7	S11434E8	dependency	2
S11434E7	S2373212	dependency	2
S11434E7	S2373213	dependency	2
S11434E7	S2373214	dependency	2
S11434E7	S2373215	dependency	2
S11434E7	S114351E	dependency	2
S11434E7	S1143520	dependency	2
S11434E8	S2373212	dependency	2
S11434E8	S2373213	dependency	2
S11434E8	S2373214	dependency	2
S11434E8	S2373215	dependency	2
S11434E9	S2373212	relates_to	1
S11434E9	S2373213	relates_to	1
S11434E9	S2373214	relates_to	1
S11434E9	S2373215	relates_to	1
S2373212	S11434E9	relates_to	1
S2373213	S11434E9	relates_to	1
S2373214	S11434E9	relates_to	1
S2373215	S11434E9	relates_to	1
S1143514	S1143515	relates_to	1
S1143515	S1143514	relates_to	1
S1143514	S1143663	dependency	2
S1143516	S1143530	dependency	2
S1143667	S1143668	dependency	2
S1143667	S1143663	dependency	2
S1143667	S1143664	dependency	2
S1143667	S1143665	dependency	2
S1143667	S1143666	dependency	2
S1143518	S1143532	dependency	2
S1143519	S2373207	dependency	2
S1143519	S2373208	dependency	2
S1143519	S2373209	dependency	2
S114351C	S2373207	dependency	2
S114351C	S2373208	dependency	2
S114351C	S2373209	dependency	2
S114351D	S1143544	dependency	2
S1143670	S1143671	relates_to	1
S1143671	S1143670	relates_to	1
S1143671	S1143672	dependency	2
S1143671	S1143673	dependency	2
S1143672	S1143673	dependency	2
S1143673	S114366C	dependency	2
S1143673	S1143513	dependency	2
S114366C	S114366D	relates_to	1
S114366D	S114366C	relates_to	1
S114366C	S114366E	relates_to	1
S114366E	S114366C	relates_to	1
S114366E	S114366D	relates_to	1
S114366D	S114366E	relates_to	1
S114366E	S1143513	dependency	2
S114366F	S1143513	dependency	2
S114366F	S1143528	dependency	2
S1143513	S1143516	dependency	2
S1143513	S1143667	dependency	2
S1143513	S114352E	dependency	2
S114350E	S114367B	dependency	2
S114350E	S114367C	dependency	2
S114350E	S114367D	dependency	2
S114350E	S114367E	dependency	2
S114367B	S1143667	relates_to	1
S114367C	S1143667	relates_to	1
S114367D	S1143667	relates_to	1
S114367E	S1143667	relates_to	1
S1143667	S114367B	relates_to	1
S1143667	S114367C	relates_to	1
S1143667	S114367D	relates_to	1
S1143667	S114367E	relates_to	1
S114367B	S1143518	dependency	2
S114367C	S1143518	dependency	2
S114367D	S1143518	dependency	2
S114367E	S1143518	dependency	2
S114367B	S1143510	dependency	2
S114367C	S1143510	dependency	2
S114367D	S1143510	dependency	2
S114367E	S1143510	dependency	2
S114367B	S1143531	dependency	2
S114367C	S1143531	dependency	2
S114367D	S1143531	dependency	2
S114367E	S1143531	dependency	2
S114367B	S1143532	dependency	2
S114367C	S1143532	dependency	2
S114367D	S1143532	dependency	2
S114367E	S1143532	dependency	2
S114367B	S1143537	dependency	2
S114367C	S1143537	dependency	2
S114367D	S1143537	dependency	2
S114367E	S1143537	dependency	2
S114367B	S1143538	dependency	2
S114367C	S1143538	dependency	2
S114367D	S1143538	dependency	2
S114367E	S1143538	dependency	2
S114367B	S114353A	dependency	2
S114367C	S114353A	dependency	2
S114367D	S114353A	dependency	2
S114367E	S114353A	dependency	2
S1143510	S1143523	dependency	2
S1143510	S114365D	dependency	2
S1143510	S114365E	dependency	2
S1143510	S114365F	dependency	2
S1143510	S1143660	dependency	2
S1143510	S1143661	dependency	2
S114351E	S114351F	dependency	2
S114351F	S1143521	dependency	2
S1143520	S1143521	dependency	2
S1143522	S114351E	dependency	2
S1143522	S1143523	dependency	2
S1143523	S114365D	dependency	2
S1143523	S114365E	dependency	2
S114365D	S114365F	dependency	2
S114365D	S1143660	dependency	2
S114365D	S1143661	dependency	2
S114365E	S114365F	dependency	2
S114365E	S1143660	dependency	2
S114365E	S1143661	dependency	2
S114352D	S114352F	dependency	2
S114352D	S1143530	dependency	2
S114352E	S1143544	relates_to	1
S1143544	S114352E	relates_to	1
S114352E	S1143547	dependency	2
S114352F	S1143530	relates_to	1
S1143530	S114352F	relates_to	1
S1143531	S1143532	relates_to	1
S1143532	S1143531	relates_to	1
S1143531	S1143538	dependency	2
S1143532	S1143664	dependency	2
S1143532	S1143665	dependency	2
S1143532	S1143666	dependency	2
S1143532	S1143538	dependency	2
S1143532	S1143539	dependency	2
S1143662	S1143663	relates_to	1
S1143663	S1143662	relates_to	1
S1143663	S114354B	relates_to	1
S114354B	S1143663	relates_to	1
S1143537	S1143538	dependency	2
S1143537	S1143539	dependency	2
S1143537	S114353B	dependency	2
S1143538	S1143539	dependency	2
S1143538	S114353B	dependency	2
S1143539	S114353A	dependency	2
S1143539	S114353B	dependency	2
S114353B	S114353A	relates_to	1
S114353A	S114353B	relates_to	1
S2373207	S114353E	dependency	2
S2373208	S114353E	dependency	2
S2373209	S114353E	dependency	2
S2373207	S114353F	dependency	2
S2373208	S114353F	dependency	2
S2373209	S114353F	dependency	2
S114353E	S1143540	dependency	2
S114353E	S1143541	dependency	2
S114353F	S1143540	dependency	2
S1143540	S1143541	dependency	2
S1143541	S1143532	dependency	2
S1143544	S1143545	relates_to	1
S1143545	S1143544	relates_to	1
S1143545	S1143546	dependency	2
S1143528	S114352E	relates_to	1
S114352E	S1143528	relates_to	1
S1143528	S1143529	relates_to	1
S1143529	S1143528	relates_to	1
S1143529	S114352E	relates_to	1
S114352E	S1143529	relates_to	1
S1143549	S114354A	dependency	2
S114354A	S114353A	relates_to	1
S114353A	S114354A	relates_to	1
S114354A	S114354B	dependency	2
S114354B	S114353A	relates_to	1
S114353A	S114354B	relates_to	1